{
  "subject": "astronomy",
  "total_questions": 9,
  "correct_count": 3,
  "wrong_count": 6,
  "accuracy_rate": 0.3333,
  "answer_not_found": {
    "count": 0,
    "question_indices": []
  },
  "performance_metrics": {
    "avg_prompt_processing_rate_toks_per_sec": 1664.305,
    "avg_token_generation_rate_toks_per_sec": 38.366,
    "total_processed_answers": 9
  },
  "detailed_metrics": {
    "init_time_us": [
      2095261.0,
      1775113.0,
      1749020.0,
      1818296.0,
      1800703.0,
      1738379.0,
      1871247.0,
      1746000.0,
      1695035.0
    ],
    "prompt_processing_time_us": [
      99165.0,
      99529.0,
      105214.0,
      114116.0,
      147351.0,
      104482.0,
      105326.0,
      104000.0,
      104584.0
    ],
    "prompt_processing_rate_toks_per_sec": [
      1757.46923828125,
      1748.251708984375,
      1416.4305419921875,
      1526.717529296875,
      1792.11474609375,
      1897.533203125,
      1663.8935546875,
      1703.5775146484375,
      1472.7540283203125
    ],
    "token_generation_time_us": [
      92829.0,
      1539124.0,
      94103.0,
      836301.0,
      810859.0,
      94778.0,
      95242.0,
      94414.0,
      1114344.0
    ],
    "token_generation_rate_toks_per_sec": [
      43.09044647216797,
      33.136722564697266,
      42.50796890258789,
      33.48176956176758,
      33.29892349243164,
      42.204776763916016,
      41.99916076660156,
      42.367496490478516,
      33.20383834838867
    ]
  }
}