{
  "subject": "clinical_knowledge",
  "total_questions": 12,
  "correct_count": 5,
  "wrong_count": 7,
  "accuracy_rate": 0.4167,
  "answer_not_found": {
    "count": 0,
    "question_indices": []
  },
  "performance_metrics": {
    "avg_prompt_processing_rate_toks_per_sec": 1429.316,
    "avg_token_generation_rate_toks_per_sec": 37.164,
    "total_processed_answers": 12
  },
  "detailed_metrics": {
    "init_time_us": [
      1757826.0,
      1866323.0,
      1870071.0,
      1868242.0,
      1864077.0,
      1919987.0,
      2070661.0,
      2055829.0,
      1987457.0,
      1811345.0,
      1763669.0,
      1756770.0
    ],
    "prompt_processing_time_us": [
      104217.0,
      105251.0,
      105400.0,
      105362.0,
      105234.0,
      105663.0,
      108156.0,
      109445.0,
      106028.0,
      109954.0,
      106203.0,
      104584.0
    ],
    "prompt_processing_rate_toks_per_sec": [
      1392.7576904296875,
      1321.00390625,
      1510.573974609375,
      1490.31298828125,
      1283.697021484375,
      1457.7259521484375,
      1443.00146484375,
      1398.6014404296875,
      1697.7928466796875,
      1291.9896240234375,
      1582.2784423828125,
      1282.05126953125
    ],
    "token_generation_time_us": [
      555607.0,
      1389620.0,
      94549.0,
      96930.0,
      800245.0,
      2296411.0,
      2465467.0,
      97960.0,
      95369.0,
      102078.0,
      96058.0,
      2054463.0
    ],
    "token_generation_rate_toks_per_sec": [
      34.1973876953125,
      33.102718353271484,
      42.30655288696289,
      41.26774597167969,
      33.7404670715332,
      33.09614562988281,
      32.04306411743164,
      40.83299255371094,
      41.94279098510742,
      39.18648910522461,
      41.64237594604492,
      32.61259460449219
    ]
  }
}