{
  "subject": "college_computer_science",
  "total_questions": 3,
  "correct_count": 1,
  "wrong_count": 2,
  "accuracy_rate": 0.3333,
  "answer_not_found": {
    "count": 0,
    "question_indices": []
  },
  "performance_metrics": {
    "avg_prompt_processing_rate_toks_per_sec": 1806.546,
    "avg_token_generation_rate_toks_per_sec": 40.875,
    "total_processed_answers": 3
  },
  "detailed_metrics": {
    "init_time_us": [
      2102024.0,
      2140564.0,
      2124382.0
    ],
    "prompt_processing_time_us": [
      157771.0,
      111121.0,
      108908.0
    ],
    "prompt_processing_rate_toks_per_sec": [
      2012.0723876953125,
      1531.3935546875,
      1876.172607421875
    ],
    "token_generation_time_us": [
      100334.0,
      95053.0,
      98343.0
    ],
    "token_generation_rate_toks_per_sec": [
      39.867637634277344,
      42.08222961425781,
      40.675209045410156
    ]
  }
}