{
  "subject": "conceptual_physics",
  "total_questions": 12,
  "correct_count": 5,
  "wrong_count": 7,
  "accuracy_rate": 0.4167,
  "answer_not_found": {
    "count": 0,
    "question_indices": []
  },
  "performance_metrics": {
    "avg_prompt_processing_rate_toks_per_sec": 1329.452,
    "avg_token_generation_rate_toks_per_sec": 36.588,
    "total_processed_answers": 12
  },
  "detailed_metrics": {
    "init_time_us": [
      2439190.0,
      2419598.0,
      2379665.0,
      2323259.0,
      2444001.0,
      2286780.0,
      2299986.0,
      2633335.0,
      2525323.0,
      2298512.0,
      2332083.0,
      2444896.0
    ],
    "prompt_processing_time_us": [
      121731.0,
      117976.0,
      119909.0,
      118304.0,
      120326.0,
      116440.0,
      120472.0,
      122214.0,
      118558.0,
      116122.0,
      72283.0,
      122291.0
    ],
    "prompt_processing_rate_toks_per_sec": [
      1133.786865234375,
      1390.820556640625,
      1201.923095703125,
      1243.7811279296875,
      1455.6041259765625,
      1358.6956787109375,
      1096.4912109375,
      1269.0355224609375,
      1190.4761962890625,
      1267.4271240234375,
      1773.0496826171875,
      1572.3270263671875
    ],
    "token_generation_time_us": [
      107473.0,
      100774.0,
      99280.0,
      104458.0,
      108571.0,
      102355.0,
      2887686.0,
      106641.0,
      1388658.0,
      101932.0,
      2528603.0,
      106571.0
    ],
    "token_generation_rate_toks_per_sec": [
      37.218997955322266,
      39.693565368652344,
      40.29008865356445,
      38.293636322021484,
      36.84326934814453,
      39.08081817626953,
      30.82139015197754,
      37.509376525878906,
      31.685678482055664,
      39.24184799194336,
      30.848011016845703,
      37.53472137451172
    ]
  }
}