{
  "subject": "elementary_mathematics",
  "total_questions": 19,
  "correct_count": 10,
  "wrong_count": 9,
  "accuracy_rate": 0.5263,
  "answer_not_found": {
    "count": 0,
    "question_indices": []
  },
  "performance_metrics": {
    "avg_prompt_processing_rate_toks_per_sec": 1386.276,
    "avg_token_generation_rate_toks_per_sec": 39.308,
    "total_processed_answers": 19
  },
  "detailed_metrics": {
    "init_time_us": [
      2304357.0,
      2293670.0,
      2345600.0,
      2159563.0,
      2315672.0,
      2323163.0,
      2354379.0,
      2311577.0,
      2285869.0,
      2243356.0,
      2332297.0,
      2327526.0,
      2296558.0,
      2309023.0,
      2349565.0,
      2551560.0,
      2338953.0,
      2255375.0,
      2184997.0
    ],
    "prompt_processing_time_us": [
      118009.0,
      117679.0,
      116390.0,
      116668.0,
      122071.0,
      128858.0,
      116721.0,
      120527.0,
      118607.0,
      117516.0,
      119730.0,
      116271.0,
      116627.0,
      116770.0,
      123363.0,
      122948.0,
      117601.0,
      119273.0,
      118668.0
    ],
    "prompt_processing_rate_toks_per_sec": [
      1356.85205078125,
      1386.9625244140625,
      1290.3226318359375,
      1801.8017578125,
      1082.2510986328125,
      1282.05126953125,
      1251.564453125,
      1228.501220703125,
      1798.5611572265625,
      1209.1898193359375,
      1814.882080078125,
      1170.960205078125,
      1605.136474609375,
      1190.4761962890625,
      1477.1048583984375,
      1156.0693359375,
      1360.544189453125,
      1763.66845703125,
      1112.3470458984375
    ],
    "token_generation_time_us": [
      102610.0,
      101978.0,
      102279.0,
      98213.0,
      101292.0,
      99030.0,
      100746.0,
      102485.0,
      99362.0,
      98830.0,
      98169.0,
      100336.0,
      101757.0,
      99500.0,
      3983087.0,
      106572.0,
      97448.0,
      99442.0,
      99623.0
    ],
    "token_generation_rate_toks_per_sec": [
      38.983314514160156,
      39.22491455078125,
      39.109859466552734,
      40.72822189331055,
      39.48979187011719,
      40.392616271972656,
      39.70459747314453,
      39.03048324584961,
      40.25764846801758,
      40.47435760498047,
      40.74647521972656,
      39.866050720214844,
      39.309722900390625,
      40.20100402832031,
      30.378517150878906,
      37.53330993652344,
      41.04753494262695,
      40.22526168823242,
      40.15258026123047
    ]
  }
}