{
  "subject": "high_school_microeconomics",
  "total_questions": 10,
  "correct_count": 4,
  "wrong_count": 6,
  "accuracy_rate": 0.4,
  "answer_not_found": {
    "count": 1,
    "question_indices": [
      6
    ]
  },
  "performance_metrics": {
    "avg_prompt_processing_rate_toks_per_sec": 1261.48,
    "avg_token_generation_rate_toks_per_sec": 36.289,
    "total_processed_answers": 10
  },
  "detailed_metrics": {
    "init_time_us": [
      2881341.0,
      2841671.0,
      2912218.0,
      2984202.0,
      2972205.0,
      2855798.0,
      2912821.0,
      3176682.0,
      2874000.0,
      2940634.0
    ],
    "prompt_processing_time_us": [
      126024.0,
      126538.0,
      126162.0,
      126336.0,
      126598.0,
      127854.0,
      127827.0,
      126415.0,
      126420.0,
      126502.0
    ],
    "prompt_processing_rate_toks_per_sec": [
      1246.8828125,
      1075.268798828125,
      1173.7088623046875,
      1394.7001953125,
      1216.5450439453125,
      1385.04150390625,
      1142.857177734375,
      1187.6484375,
      1179.2452392578125,
      1612.9031982421875
    ],
    "token_generation_time_us": [
      108044.0,
      106670.0,
      107975.0,
      107595.0,
      106248.0,
      107249.0,
      7054540.0,
      107075.0,
      108764.0,
      108958.0
    ],
    "token_generation_rate_toks_per_sec": [
      37.02195358276367,
      37.49953079223633,
      37.0466423034668,
      37.177486419677734,
      37.64776611328125,
      37.29673385620117,
      28.35110092163086,
      37.35803985595703,
      36.77687454223633,
      36.712066650390625
    ]
  }
}