{
  "subject": "high_school_biology",
  "total_questions": 11,
  "correct_count": 5,
  "wrong_count": 6,
  "accuracy_rate": 0.4545,
  "answer_not_found": {
    "count": 0,
    "question_indices": []
  },
  "performance_metrics": {
    "avg_prompt_processing_rate_toks_per_sec": 1454.864,
    "avg_token_generation_rate_toks_per_sec": 37.446,
    "total_processed_answers": 11
  },
  "detailed_metrics": {
    "init_time_us": [
      2331640.0,
      2184031.0,
      2613844.0,
      2545407.0,
      2651154.0,
      2439604.0,
      2349355.0,
      2294520.0,
      2313686.0,
      2319971.0,
      2302152.0
    ],
    "prompt_processing_time_us": [
      117094.0,
      119492.0,
      121721.0,
      123413.0,
      121755.0,
      116701.0,
      118927.0,
      116891.0,
      116412.0,
      120069.0,
      116659.0
    ],
    "prompt_processing_rate_toks_per_sec": [
      1358.6956787109375,
      1567.3980712890625,
      1340.4825439453125,
      1661.1295166015625,
      1447.177978515625,
      1466.275634765625,
      1733.102294921875,
      1240.69482421875,
      1152.07373046875,
      1483.6795654296875,
      1552.7950439453125
    ],
    "token_generation_time_us": [
      99697.0,
      4277567.0,
      106755.0,
      4343872.0,
      106168.0,
      102506.0,
      104819.0,
      99630.0,
      102653.0,
      100633.0,
      99925.0
    ],
    "token_generation_rate_toks_per_sec": [
      40.121971130371094,
      30.625057220458984,
      37.47002410888672,
      29.927576065063477,
      37.6761360168457,
      39.02286911010742,
      38.162113189697266,
      40.149356842041016,
      38.96660614013672,
      39.74878692626953,
      40.03042221069336
    ]
  }
}