{
  "subject": "high_school_mathematics",
  "total_questions": 13,
  "correct_count": 4,
  "wrong_count": 9,
  "accuracy_rate": 0.3077,
  "answer_not_found": {
    "count": 1,
    "question_indices": [
      11
    ]
  },
  "performance_metrics": {
    "avg_prompt_processing_rate_toks_per_sec": 1309.295,
    "avg_token_generation_rate_toks_per_sec": 34.969,
    "total_processed_answers": 13
  },
  "detailed_metrics": {
    "init_time_us": [
      2663717.0,
      2947788.0,
      2750234.0,
      2794773.0,
      2404312.0,
      2642743.0,
      2346799.0,
      2984930.0,
      2550232.0,
      2513923.0,
      2859130.0,
      2840194.0,
      3167968.0
    ],
    "prompt_processing_time_us": [
      127415.0,
      127879.0,
      127785.0,
      139116.0,
      126722.0,
      122855.0,
      123458.0,
      127137.0,
      127348.0,
      127166.0,
      126640.0,
      126091.0,
      126663.0
    ],
    "prompt_processing_rate_toks_per_sec": [
      1383.1258544921875,
      1157.4073486328125,
      1675.0418701171875,
      1007.04931640625,
      1184.8341064453125,
      1367.989013671875,
      1451.3787841796875,
      1307.1895751953125,
      1517.45068359375,
      1053.74072265625,
      1328.021240234375,
      1245.3299560546875,
      1342.2818603515625
    ],
    "token_generation_time_us": [
      107953.0,
      108465.0,
      107097.0,
      107980.0,
      110124.0,
      103997.0,
      6917476.0,
      109842.0,
      4388618.0,
      109277.0,
      107276.0,
      7056881.0,
      106981.0
    ],
    "token_generation_rate_toks_per_sec": [
      37.053504943847656,
      36.878597259521484,
      37.349666595458984,
      37.04389572143555,
      36.322689056396484,
      38.463016510009766,
      28.334230422973633,
      36.41660690307617,
      27.115703582763672,
      36.60456085205078,
      37.2869987487793,
      28.34145736694336,
      37.390167236328125
    ]
  }
}