{
  "subject": "high_school_psychology",
  "total_questions": 11,
  "correct_count": 5,
  "wrong_count": 6,
  "accuracy_rate": 0.4545,
  "answer_not_found": {
    "count": 2,
    "question_indices": [
      2,
      5
    ]
  },
  "performance_metrics": {
    "avg_prompt_processing_rate_toks_per_sec": 1168.834,
    "avg_token_generation_rate_toks_per_sec": 32.425,
    "total_processed_answers": 11
  },
  "detailed_metrics": {
    "init_time_us": [
      2918020.0,
      3013540.0,
      2842947.0,
      3295390.0,
      2962042.0,
      2932735.0,
      3241599.0,
      2912955.0,
      2970210.0,
      2891961.0,
      2906792.0
    ],
    "prompt_processing_time_us": [
      126280.0,
      127970.0,
      125784.0,
      127597.0,
      126293.0,
      126560.0,
      131839.0,
      128210.0,
      127789.0,
      127082.0,
      126229.0
    ],
    "prompt_processing_rate_toks_per_sec": [
      1124.859375,
      1375.515869140625,
      1272.2646484375,
      1090.5125732421875,
      1077.586181640625,
      1186.2396240234375,
      1267.4271240234375,
      1084.5987548828125,
      1057.0823974609375,
      1251.564453125,
      1069.5186767578125
    ],
    "token_generation_time_us": [
      5236312.0,
      107608.0,
      7098681.0,
      107195.0,
      106853.0,
      7093745.0,
      110269.0,
      106867.0,
      2791994.0,
      2050907.0,
      1448768.0
    ],
    "token_generation_rate_toks_per_sec": [
      28.264556884765625,
      37.171958923339844,
      28.174570083618164,
      37.316219329833984,
      37.43495559692383,
      28.194429397583008,
      36.2752571105957,
      37.43075180053711,
      28.654115676879883,
      28.767871856689453,
      28.990549087524414
    ]
  }
}