{
  "subject": "high_school_macroeconomics",
  "total_questions": 16,
  "correct_count": 6,
  "wrong_count": 10,
  "accuracy_rate": 0.375,
  "answer_not_found": {
    "count": 0,
    "question_indices": []
  },
  "performance_metrics": {
    "avg_prompt_processing_rate_toks_per_sec": 1363.268,
    "avg_token_generation_rate_toks_per_sec": 34.729,
    "total_processed_answers": 16
  },
  "detailed_metrics": {
    "init_time_us": [
      2792837.0,
      2807554.0,
      2803408.0,
      2834414.0,
      2658703.0,
      2308439.0,
      2552978.0,
      2756722.0,
      2538014.0,
      2410440.0,
      2832425.0,
      2847054.0,
      2792587.0,
      2604427.0,
      2310433.0,
      2341136.0
    ],
    "prompt_processing_time_us": [
      126095.0,
      125939.0,
      127292.0,
      126164.0,
      125886.0,
      122509.0,
      126003.0,
      126482.0,
      123547.0,
      126285.0,
      126428.0,
      126134.0,
      127365.0,
      124303.0,
      122897.0,
      126141.0
    ],
    "prompt_processing_rate_toks_per_sec": [
      1302.0833740234375,
      1453.4884033203125,
      1162.7906494140625,
      1261.0340576171875,
      1248.439453125,
      1748.251708984375,
      1398.6014404296875,
      1353.179931640625,
      1085.7763671875,
      1371.7420654296875,
      1257.8616943359375,
      1173.7088623046875,
      1751.3134765625,
      1231.527099609375,
      1814.882080078125,
      1197.604736328125
    ],
    "token_generation_time_us": [
      1042789.0,
      106388.0,
      3421183.0,
      106312.0,
      106026.0,
      2571726.0,
      106787.0,
      106754.0,
      1919142.0,
      3409236.0,
      2064112.0,
      106878.0,
      106655.0,
      103823.0,
      103481.0,
      107493.0
    ],
    "token_generation_rate_toks_per_sec": [
      29.728282928466797,
      37.59822463989258,
      28.93769645690918,
      37.62510299682617,
      37.7273063659668,
      30.719135284423828,
      37.45879364013672,
      37.47002410888672,
      31.26465606689453,
      28.74554443359375,
      29.06892204284668,
      37.426551818847656,
      37.505157470703125,
      38.528221130371094,
      38.65481185913086,
      37.21207046508789
    ]
  }
}