{
  "subject": "miscellaneous",
  "total_questions": 15,
  "correct_count": 6,
  "wrong_count": 9,
  "accuracy_rate": 0.4,
  "answer_not_found": {
    "count": 0,
    "question_indices": []
  },
  "performance_metrics": {
    "avg_prompt_processing_rate_toks_per_sec": 1140.793,
    "avg_token_generation_rate_toks_per_sec": 33.017,
    "total_processed_answers": 15
  },
  "detailed_metrics": {
    "init_time_us": [
      2872453.0,
      2967307.0,
      2899720.0,
      2919370.0,
      2906734.0,
      2928053.0,
      2952505.0,
      2925298.0,
      2902852.0,
      2904096.0,
      2940360.0,
      3070343.0,
      2960578.0,
      2971919.0,
      2658416.0
    ],
    "prompt_processing_time_us": [
      125707.0,
      72305.0,
      126643.0,
      126383.0,
      125993.0,
      127842.0,
      126314.0,
      127617.0,
      127773.0,
      126254.0,
      125965.0,
      139936.0,
      122066.0,
      121554.0,
      122993.0
    ],
    "prompt_processing_rate_toks_per_sec": [
      1098.901123046875,
      1730.103759765625,
      1026.694091796875,
      1060.4454345703125,
      1222.493896484375,
      1142.857177734375,
      1061.5711669921875,
      1058.2010498046875,
      1096.4912109375,
      1117.3184814453125,
      1215.0667724609375,
      1022.494873046875,
      1106.1947021484375,
      1086.95654296875,
      1066.0980224609375
    ],
    "token_generation_time_us": [
      107601.0,
      1740956.0,
      1950450.0,
      2062615.0,
      107209.0,
      107136.0,
      2055611.0,
      106721.0,
      107386.0,
      106427.0,
      5288202.0,
      1751815.0,
      1117156.0,
      1291424.0,
      106662.0
    ],
    "token_generation_rate_toks_per_sec": [
      37.174720764160156,
      29.294586181640625,
      29.224384307861328,
      29.090063095092773,
      37.31064987182617,
      37.335723876953125,
      29.18855857849121,
      37.481258392333984,
      37.24949645996094,
      37.585506439208984,
      28.743892669677734,
      29.11292839050293,
      29.539480209350586,
      29.42561149597168,
      37.502342224121094
    ]
  }
}