{
  "subject": "nutrition",
  "total_questions": 10,
  "correct_count": 6,
  "wrong_count": 4,
  "accuracy_rate": 0.6,
  "answer_not_found": {
    "count": 0,
    "question_indices": []
  },
  "performance_metrics": {
    "avg_prompt_processing_rate_toks_per_sec": 1403.673,
    "avg_token_generation_rate_toks_per_sec": 35.78,
    "total_processed_answers": 10
  },
  "detailed_metrics": {
    "init_time_us": [
      2978271.0,
      3033105.0,
      2958620.0,
      2936486.0,
      2954043.0,
      2951465.0,
      2903746.0,
      2969045.0,
      2964867.0,
      2898655.0
    ],
    "prompt_processing_time_us": [
      121168.0,
      121637.0,
      69662.0,
      121786.0,
      121743.0,
      122242.0,
      121972.0,
      124481.0,
      122908.0,
      123353.0
    ],
    "prompt_processing_rate_toks_per_sec": [
      1436.7816162109375,
      1118.5682373046875,
      1838.2353515625,
      1644.73681640625,
      1191.8951416015625,
      1129.9434814453125,
      1321.00390625,
      1600.0,
      1335.113525390625,
      1420.45458984375
    ],
    "token_generation_time_us": [
      108282.0,
      107131.0,
      107333.0,
      106207.0,
      106481.0,
      105972.0,
      1494859.0,
      107933.0,
      802482.0,
      108466.0
    ],
    "token_generation_rate_toks_per_sec": [
      36.94126510620117,
      37.3385124206543,
      37.26754379272461,
      37.66336441040039,
      37.565738677978516,
      37.745819091796875,
      29.43427276611328,
      37.06037139892578,
      29.90788459777832,
      36.878597259521484
    ]
  }
}