{
  "subject": "prehistory",
  "total_questions": 11,
  "correct_count": 3,
  "wrong_count": 8,
  "accuracy_rate": 0.2727,
  "answer_not_found": {
    "count": 1,
    "question_indices": [
      9
    ]
  },
  "performance_metrics": {
    "avg_prompt_processing_rate_toks_per_sec": 1462.228,
    "avg_token_generation_rate_toks_per_sec": 34.693,
    "total_processed_answers": 11
  },
  "detailed_metrics": {
    "init_time_us": [
      2746025.0,
      2518830.0,
      2504525.0,
      2576105.0,
      2478303.0,
      2490973.0,
      2663150.0,
      2922947.0,
      2628229.0,
      2699122.0,
      3057248.0
    ],
    "prompt_processing_time_us": [
      122691.0,
      118570.0,
      116858.0,
      118685.0,
      116721.0,
      119449.0,
      121550.0,
      127124.0,
      118838.0,
      125118.0,
      128088.0
    ],
    "prompt_processing_rate_toks_per_sec": [
      1157.4073486328125,
      1536.0982666015625,
      1618.1229248046875,
      2024.29150390625,
      1552.7950439453125,
      1122.33447265625,
      1102.535888671875,
      1605.136474609375,
      1364.2564697265625,
      1689.189208984375,
      1312.3359375
    ],
    "token_generation_time_us": [
      105717.0,
      102926.0,
      101397.0,
      100569.0,
      100137.0,
      1930780.0,
      2048829.0,
      106725.0,
      2781340.0,
      7077796.0,
      1512716.0
    ],
    "token_generation_rate_toks_per_sec": [
      37.837223052978516,
      38.86362838745117,
      39.44928741455078,
      39.77408218383789,
      39.945674896240234,
      31.076168060302734,
      29.28514862060547,
      37.479854583740234,
      30.561412811279297,
      28.258167266845703,
      29.0875244140625
    ]
  }
}