{
  "subject": "professional_psychology",
  "total_questions": 13,
  "correct_count": 6,
  "wrong_count": 7,
  "accuracy_rate": 0.4615,
  "answer_not_found": {
    "count": 0,
    "question_indices": []
  },
  "performance_metrics": {
    "avg_prompt_processing_rate_toks_per_sec": 1357.603,
    "avg_token_generation_rate_toks_per_sec": 34.073,
    "total_processed_answers": 13
  },
  "detailed_metrics": {
    "init_time_us": [
      3253777.0,
      2902735.0,
      2936845.0,
      3004800.0,
      2975335.0,
      2908408.0,
      2763842.0,
      2905108.0,
      2894959.0,
      2941511.0,
      2932970.0,
      2952249.0,
      3006613.0
    ],
    "prompt_processing_time_us": [
      131731.0,
      123537.0,
      121971.0,
      121922.0,
      121957.0,
      127813.0,
      122077.0,
      121789.0,
      122950.0,
      124570.0,
      121791.0,
      122520.0,
      122318.0
    ],
    "prompt_processing_rate_toks_per_sec": [
      1314.0604248046875,
      1239.1573486328125,
      1254.7052001953125,
      1239.1573486328125,
      1492.537353515625,
      1064.9627685546875,
      1230.0123291015625,
      2105.26318359375,
      1212.1212158203125,
      1164.1444091796875,
      1569.8587646484375,
      1250.0,
      1512.8592529296875
    ],
    "token_generation_time_us": [
      108641.0,
      2433921.0,
      1822183.0,
      2100466.0,
      107260.0,
      110220.0,
      106175.0,
      107536.0,
      107661.0,
      107038.0,
      106378.0,
      1461480.0,
      1881257.0
    ],
    "token_generation_rate_toks_per_sec": [
      36.818851470947266,
      28.760425567626953,
      29.08667755126953,
      29.041908264160156,
      37.29256057739258,
      36.291053771972656,
      37.67471694946289,
      37.19684600830078,
      37.15400314331055,
      37.37060546875,
      37.60246658325195,
      29.423015594482422,
      29.236347198486328
    ]
  }
}