{
  "subject": "sociology",
  "total_questions": 4,
  "correct_count": 2,
  "wrong_count": 2,
  "accuracy_rate": 0.5,
  "answer_not_found": {
    "count": 0,
    "question_indices": []
  },
  "performance_metrics": {
    "avg_prompt_processing_rate_toks_per_sec": 1317.283,
    "avg_token_generation_rate_toks_per_sec": 34.611,
    "total_processed_answers": 4
  },
  "detailed_metrics": {
    "init_time_us": [
      2922573.0,
      2910385.0,
      2888238.0,
      3282356.0
    ],
    "prompt_processing_time_us": [
      121915.0,
      121383.0,
      123234.0,
      131353.0
    ],
    "prompt_processing_rate_toks_per_sec": [
      1494.768310546875,
      1302.0833740234375,
      1063.829833984375,
      1408.45068359375
    ],
    "token_generation_time_us": [
      106731.0,
      107495.0,
      5572270.0,
      113581.0
    ],
    "token_generation_rate_toks_per_sec": [
      37.478450775146484,
      37.21207046508789,
      28.534740447998047,
      35.21746826171875
    ]
  }
}